,2018-06-01,2018-06-02,2018-06-03,2018-06-04,2018-06-05,2018-06-06,2018-06-07,2018-06-08,2018-06-09,2018-06-10,2018-06-11,2018-06-12,2018-06-13,2018-06-14,2018-06-15,2018-06-16,2018-06-17,2018-06-18,2018-06-19,2018-06-20,2018-06-21,2018-06-22,2018-06-23,2018-06-24,2018-06-25,2018-06-26,2018-06-27,2018-06-28,2018-06-29,2018-06-30
0,4.43,4.45,5.3,4.58,4.49,4.55,4.28,4.37,3.7,4.17,5.47,4.18,4.29,4.46,4.8,5.2,4.33,0.25,4.24,4.35,4.34,0.4,1.19,5.23,5.13,4.37,4.15,4.57,5.39,5.25
1,4.53,4.5,5.45,5.15,5.0,4.57,4.56,5.5,4.37,5.13,6.2,5.0,4.39,4.57,4.34,5.48,5.2,4.19,5.29,5.25,4.49,5.13,5.1,5.46,5.16,4.58,4.49,5.41,6.19,5.47
2,5.14,5.11,6.0,5.17,5.3,5.37,5.13,5.6,4.48,5.31,6.5,5.2,4.49,5.11,4.49,6.35,5.26,4.45,5.46,5.47,4.54,5.17,5.4,5.57,5.2,5.0,5.0,5.42,6.37,5.55
3,5.18,5.19,6.8,5.44,5.18,5.43,5.24,5.18,5.15,5.36,6.19,5.38,5.34,5.21,4.56,7.15,5.57,5.11,5.46,5.54,5.4,5.21,5.25,6.3,5.4,5.45,5.24,5.53,6.45,6.9
4,5.22,5.21,6.16,5.44,5.28,5.49,5.28,5.29,5.23,5.49,6.21,5.47,5.41,5.22,5.12,7.25,6.9,5.36,5.46,6.4,5.5,5.22,5.37,6.25,5.47,5.48,5.35,6.4,6.47,6.15
5,5.26,5.25,6.2,5.44,5.39,5.54,5.33,5.37,5.53,6.1,6.23,6.7,5.52,5.23,5.15,7.37,6.13,5.43,5.46,6.7,5.8,5.26,5.39,6.28,5.51,5.51,5.51,6.1,6.55,6.25
6,5.28,5.31,6.31,5.44,5.39,5.56,5.43,6.11,6.11,6.14,6.25,6.9,5.54,5.4,5.23,7.39,6.25,5.46,5.49,6.14,5.11,5.32,5.43,6.34,5.56,5.58,6.4,6.21,7.6,6.3
7,5.29,5.41,6.36,5.51,5.39,6.0,5.44,6.11,6.13,6.22,6.28,6.12,6.4,5.56,5.29,7.39,6.32,5.48,5.52,6.14,5.17,5.39,5.46,6.38,6.4,6.0,6.8,6.34,7.13,6.37
8,5.34,5.53,6.4,5.51,5.39,6.0,5.51,6.11,6.24,6.24,6.29,6.13,6.19,5.58,5.29,7.39,6.44,5.57,5.56,6.14,5.19,5.43,5.48,6.45,6.9,6.5,6.41,6.35,7.25,6.51
9,5.38,5.57,6.51,5.51,5.45,6.0,5.56,6.11,6.4,6.3,6.32,6.15,6.19,6.9,5.29,7.39,7.36,6.4,6.11,6.14,5.2,5.53,6.2,6.48,6.24,6.8,6.44,6.4,7.3,6.59
10,5.43,6.1,6.53,5.51,5.47,6.0,6.9,6.14,6.44,6.32,6.33,6.18,6.19,6.9,5.29,7.5,7.42,6.14,6.15,6.37,5.24,5.59,6.11,6.53,6.26,6.9,6.47,6.44,8.2,7.2
11,5.51,6.4,7.5,5.54,5.54,6.3,6.17,6.2,6.47,6.35,6.36,6.19,6.19,6.9,5.36,7.5,7.48,6.22,6.18,6.47,5.25,6.4,6.13,6.57,6.34,6.1,6.51,6.45,8.27,7.6
12,6.6,6.7,7.11,6.1,5.59,6.12,6.21,6.27,6.49,6.39,6.48,6.21,6.26,6.9,5.53,7.5,7.5,6.31,6.19,6.47,5.27,6.7,6.2,7.7,6.41,6.13,6.51,6.49,8.49,7.27
13,6.9,6.9,7.14,6.8,6.9,6.12,6.31,6.33,6.52,6.44,6.54,6.26,6.27,6.12,6.0,7.5,8.31,6.37,6.22,6.47,5.29,6.12,6.21,7.21,6.55,6.16,6.51,6.54,8.57,7.32
14,6.12,6.14,7.16,6.1,6.13,6.12,6.33,6.37,7.3,6.57,6.57,6.29,6.29,6.29,6.3,8.1,8.33,7.4,6.23,6.47,5.32,6.14,6.25,7.29,7.1,6.17,6.51,7.11,9.2,7.36
15,6.16,6.16,7.19,6.11,6.27,6.12,6.33,6.37,7.8,7.1,6.57,6.4,6.32,6.34,6.12,8.4,8.44,7.6,6.24,6.5,5.34,6.16,6.45,7.39,7.3,6.25,6.53,7.19,9.5,7.41
16,6.18,6.17,7.21,6.25,6.29,6.18,6.33,6.37,7.11,7.12,6.57,6.45,6.33,6.34,6.12,8.12,9.25,7.7,6.25,6.55,5.35,6.25,7.0,7.52,7.6,6.28,6.58,7.25,9.1,7.48
17,6.19,6.19,7.28,6.29,6.38,6.19,6.33,6.37,7.15,7.2,6.57,6.49,6.34,6.34,6.12,8.33,9.41,7.1,6.3,6.55,5.38,6.25,7.2,7.53,7.12,6.28,7.1,7.36,9.11,7.51
18,6.26,6.21,7.42,6.33,6.41,6.24,6.35,6.37,7.18,7.31,7.0,6.53,6.44,6.34,6.12,9.25,9.47,7.1,6.38,6.55,5.4,6.25,7.6,7.59,7.18,6.28,7.3,7.44,9.26,8.7
19,6.37,6.23,7.49,6.34,6.46,6.24,6.41,6.37,7.19,7.44,7.3,6.58,6.46,6.36,6.18,9.26,9.52,7.1,6.44,6.55,5.41,6.25,7.8,8.13,7.25,6.28,7.5,7.52,9.46,8.32
20,6.4,6.26,7.55,6.44,6.48,6.24,6.45,6.37,7.26,7.5,7.7,7.8,6.46,6.37,6.31,9.29,10.5,7.1,6.48,6.55,5.44,6.3,7.11,8.15,7.43,6.31,7.6,8.4,9.55,8.41
21,6.41,6.28,8.1,6.51,6.53,6.24,6.47,6.37,7.28,8.7,7.8,7.14,6.46,6.39,6.31,9.44,12.6,7.13,6.5,6.55,5.44,6.38,7.13,8.16,7.45,6.45,7.12,8.9,10.22,8.47
22,6.43,6.32,8.3,6.53,7.0,6.25,6.49,6.37,7.31,8.32,7.9,7.21,6.46,6.41,6.31,9.45,15.19,7.19,6.51,6.55,5.44,6.38,7.16,8.24,7.53,6.45,7.15,8.43,10.49,8.49
23,6.44,6.36,8.3,6.59,7.2,6.27,6.52,6.4,7.34,9.8,7.1,7.23,6.48,6.42,6.31,10.1,15.31,7.19,6.53,6.55,5.44,6.38,7.17,8.29,7.54,6.45,7.16,8.48,11.11,8.56
24,6.46,6.38,8.3,7.16,7.2,6.35,6.52,6.4,7.38,9.24,7.11,7.29,6.49,6.45,6.35,10.17,16.17,7.19,6.56,6.55,5.49,6.38,7.25,8.43,7.55,6.45,7.19,9.3,11.3,8.57
25,6.47,6.4,8.3,7.24,7.2,6.35,6.52,6.4,7.41,9.4,7.15,7.3,6.5,6.49,6.36,10.29,16.21,7.19,7.0,6.57,5.5,6.4,7.26,8.5,7.57,6.45,7.23,9.12,11.31,9.1
26,6.5,6.42,8.1,7.28,7.2,6.35,6.52,6.4,7.42,9.43,7.16,7.47,6.5,6.54,6.39,13.26,16.26,7.23,7.0,6.58,5.52,6.42,7.3,8.57,8.2,6.45,7.24,9.22,11.39,9.6
27,6.51,6.47,8.11,7.3,7.17,6.35,6.53,6.41,7.46,9.46,7.26,8.12,6.5,7.2,6.42,15.15,16.3,7.23,7.0,7.1,5.57,6.43,7.39,8.59,8.4,6.45,7.31,9.3,11.55,9.7
28,6.54,6.48,8.18,7.45,7.2,6.36,6.57,6.43,8.1,10.3,7.29,8.16,6.5,7.3,6.44,16.36,16.31,7.23,7.0,7.1,6.2,6.44,7.56,9.7,8.8,6.45,7.32,9.42,12.5,9.51
29,7.0,6.51,8.18,7.46,7.2,6.4,7.13,6.44,8.1,10.7,7.33,8.21,6.53,7.3,6.47,16.52,16.34,7.23,7.1,7.1,6.5,6.46,8.0,9.18,8.21,6.45,7.4,10.8,12.55,10.21
30,7.0,6.55,8.18,7.48,7.2,6.42,7.24,6.52,8.22,10.3,7.48,8.29,6.55,7.3,6.49,16.54,16.38,7.24,7.8,7.1,6.6,6.48,8.2,9.23,8.27,6.55,7.44,10.31,13.1,10.22
31,7.0,6.57,8.18,7.57,7.2,6.45,7.25,6.53,8.23,10.39,7.52,8.37,6.59,7.3,6.49,16.58,16.4,7.28,7.16,7.2,6.7,6.5,8.5,9.26,8.38,7.1,7.46,10.35,13.3,10.24
32,7.0,7.0,8.18,7.59,7.21,6.5,7.26,6.56,8.28,11.43,8.2,8.38,7.1,7.13,6.49,17.0,16.42,7.29,7.17,7.2,6.1,6.52,8.5,9.34,8.4,7.1,7.48,10.44,16.5,10.26
33,7.5,7.7,8.18,7.59,7.22,6.51,7.3,6.58,8.31,12.6,8.12,8.44,7.5,7.13,6.49,17.0,16.47,7.29,7.24,7.2,6.12,6.54,8.5,9.44,8.42,7.1,7.5,11.9,16.29,10.26
34,7.7,7.13,8.18,7.59,7.26,6.51,7.36,7.7,8.37,12.11,8.15,9.2,7.5,7.13,6.51,17.0,16.56,7.29,7.28,7.2,6.15,6.59,8.5,10.8,9.2,7.1,7.58,11.16,16.32,10.26
35,7.7,7.17,8.18,7.59,7.3,6.51,7.38,7.1,9.3,12.17,8.18,9.16,7.5,7.13,6.55,17.0,17.6,7.29,7.3,7.4,6.17,7.0,8.6,10.12,9.7,7.3,7.58,11.2,16.35,10.26
36,7.7,7.17,8.18,8.0,7.37,6.51,7.38,7.18,9.6,12.2,8.26,9.2,7.5,7.21,7.0,17.1,17.15,7.3,7.31,7.7,6.22,7.2,8.11,10.24,9.8,7.4,7.58,11.44,16.45,10.4
37,7.7,7.17,8.2,8.2,7.37,6.54,7.38,7.28,9.13,12.32,8.29,9.29,7.5,7.25,7.3,17.2,17.22,7.32,7.32,7.9,6.24,7.3,8.26,11.31,9.9,7.1,7.58,11.54,16.52,10.49
38,7.9,7.17,8.2,8.3,7.37,6.55,7.38,7.42,9.19,13.4,8.49,9.39,7.5,7.35,7.14,17.3,17.26,7.33,7.39,7.1,6.25,7.4,8.26,11.34,9.11,7.11,8.6,12.37,17.1,10.52
39,7.9,7.2,8.2,8.8,7.37,6.57,7.5,7.46,9.21,13.12,8.53,9.59,7.5,7.37,7.17,17.12,17.29,7.42,7.46,7.1,6.28,7.7,8.26,11.35,9.27,7.14,8.19,12.58,17.16,10.53
40,7.9,7.22,8.2,8.8,7.41,7.1,7.5,7.51,9.26,13.19,8.57,10.0,7.5,7.37,7.17,17.15,17.34,8.1,7.48,7.1,6.31,7.8,8.26,11.48,9.35,7.18,8.23,13.1,17.19,11.6
41,7.9,7.26,8.24,8.8,7.43,7.4,7.5,8.2,9.32,13.54,9.6,10.24,7.5,7.37,7.17,17.19,17.36,8.3,7.55,7.1,6.32,7.8,8.28,12.21,9.52,7.27,8.27,13.9,17.23,11.23
42,7.11,7.27,8.35,8.8,7.5,7.4,7.5,8.5,9.33,15.41,9.16,10.33,7.18,7.37,7.17,17.2,17.59,8.4,7.56,7.11,6.4,7.8,8.29,13.25,9.56,7.34,8.28,13.16,17.24,11.31
43,7.11,7.28,8.35,8.8,7.54,7.4,7.51,8.7,9.34,15.44,9.32,10.55,7.21,7.38,7.17,17.33,18.0,8.7,8.3,7.13,6.43,7.8,8.29,14.7,10.1,7.37,8.31,13.28,17.32,11.57
44,7.11,7.3,8.35,8.8,8.0,7.4,7.52,8.8,9.51,16.8,9.33,10.57,7.3,7.4,7.17,17.35,18.6,8.16,8.7,7.14,6.43,7.11,8.29,15.14,10.13,7.4,8.37,14.4,17.38,12.26
45,7.11,7.32,8.35,8.8,8.4,7.6,7.57,8.22,10.23,16.8,10.8,11.24,7.35,7.42,7.17,17.5,18.8,8.2,8.13,7.15,6.43,7.13,8.29,15.16,10.32,7.43,8.37,14.7,17.52,12.39
46,7.13,7.34,8.36,8.8,8.4,7.1,7.59,8.37,10.26,16.8,10.34,12.1,7.43,7.46,7.17,17.58,18.13,8.21,8.13,7.16,6.43,7.14,8.31,15.4,10.32,7.44,8.37,14.11,18.7,12.57
47,7.13,7.35,8.39,8.8,8.4,7.14,8.1,8.42,10.42,16.8,10.54,12.19,7.49,7.46,7.17,17.59,18.22,8.24,8.13,7.19,6.45,7.15,8.35,16.17,10.32,7.51,8.37,15.49,18.23,13.7
48,7.13,7.35,8.39,8.18,8.4,7.14,8.11,8.43,10.49,16.19,10.55,12.31,7.57,7.46,7.27,18.1,18.31,8.24,8.13,7.2,6.49,7.2,8.38,16.23,10.32,8.0,8.59,15.54,18.28,13.18
49,7.13,7.35,8.39,8.19,8.18,7.14,8.32,8.46,11.24,16.27,11.12,12.4,7.58,7.46,7.3,18.7,18.4,8.24,8.19,7.25,6.5,7.25,8.42,16.36,10.48,8.3,9.11,15.55,18.3,13.32
50,7.14,7.35,8.39,8.23,8.2,7.14,8.54,8.56,11.34,16.33,11.31,12.55,8.3,7.47,7.35,18.8,18.45,8.24,8.28,7.27,6.53,7.26,8.45,16.42,11.2,8.6,9.53,15.55,18.37,16.21
51,7.15,7.38,8.44,8.28,8.31,7.2,9.8,9.9,11.4,16.37,12.12,12.55,8.7,7.53,7.36,18.22,19.22,8.26,8.3,7.29,6.56,7.27,8.47,16.48,11.3,8.15,9.54,15.55,19.32,16.23
52,7.16,7.41,8.57,8.31,8.32,7.22,9.1,9.12,11.52,16.49,12.15,12.55,8.14,8.2,7.43,18.27,19.44,8.35,8.41,7.31,6.59,7.28,8.49,16.52,11.16,8.18,9.56,15.55,19.33,16.25
53,7.17,7.45,8.58,8.52,8.33,7.23,9.26,9.27,13.11,16.52,12.17,12.55,8.16,8.4,7.46,20.53,20.9,8.39,8.53,7.31,7.1,7.33,9.4,16.56,11.27,8.22,10.6,16.15,19.36,16.29
54,7.18,7.5,8.59,8.57,8.35,7.23,9.37,9.36,15.6,17.0,12.29,13.31,8.36,8.4,7.49,,,8.47,9.7,7.31,7.2,7.34,9.25,16.57,11.27,8.24,10.9,16.24,19.44,16.34
55,7.19,7.5,9.36,9.5,8.36,7.23,9.44,10.3,16.2,17.1,12.46,13.45,8.46,8.4,7.49,,,8.57,9.23,7.31,7.4,7.34,9.4,16.59,11.27,8.3,10.16,16.37,21.24,16.35
56,7.19,7.5,9.41,9.16,8.37,7.23,10.37,10.8,16.11,17.1,13.2,13.57,8.5,8.4,7.49,,,8.58,9.26,7.34,7.6,7.34,9.58,16.59,11.27,8.33,11.1,16.45,,16.41
57,7.19,7.5,9.47,9.19,8.38,7.31,11.38,10.14,16.2,17.28,13.2,16.9,9.17,8.6,7.49,,,9.2,9.27,7.35,7.8,7.34,10.25,16.59,11.29,8.4,11.44,16.47,,17.2
58,7.19,7.56,9.55,9.32,8.42,7.32,11.41,10.16,16.26,17.37,14.1,16.38,9.2,8.1,7.5,,,9.3,9.29,7.37,7.9,7.35,10.26,16.59,11.47,8.45,11.56,16.56,,17.9
59,7.2,7.58,9.56,9.36,8.55,7.34,11.5,10.21,16.3,17.4,15.2,16.48,9.53,8.16,7.51,,,9.15,9.38,7.37,7.1,7.35,11.11,17.1,11.53,8.45,12.19,16.57,,17.15
60,7.23,7.59,9.59,9.4,9.1,7.34,12.23,11.4,16.46,18.11,15.28,16.5,9.56,8.22,8.2,,,9.16,9.46,7.37,7.1,7.35,11.35,17.2,11.57,8.45,12.54,16.58,,17.22
61,7.24,8.2,9.59,9.54,9.7,7.34,12.31,11.4,16.51,18.12,16.2,16.51,10.3,8.28,8.5,,,9.19,9.58,7.37,7.1,7.35,11.52,17.3,12.34,8.45,13.18,17.5,,17.37
62,7.25,8.3,9.59,9.55,9.22,7.34,12.51,11.4,16.58,18.19,16.28,16.54,10.8,8.28,8.5,,,9.2,9.58,7.38,7.1,7.36,12.32,17.8,12.4,8.46,13.29,17.9,,
63,7.3,8.5,9.59,10.7,9.26,7.42,14.1,11.4,16.59,18.22,16.34,16.55,10.12,8.28,8.5,,,9.26,9.58,7.4,7.13,7.38,13.0,17.12,12.43,8.56,13.34,17.12,,
64,7.3,8.6,10.0,10.24,9.27,7.51,14.49,11.17,17.0,19.13,16.46,16.57,10.24,8.28,8.5,,,9.32,9.58,7.4,7.13,7.41,13.39,17.35,13.1,8.57,15.42,17.18,,
65,7.3,8.7,10.2,10.32,9.29,8.1,15.48,11.31,17.5,19.54,16.57,17.2,10.28,8.34,8.7,,,9.32,10.8,7.4,7.13,7.43,14.0,17.4,13.3,8.58,16.8,17.41,,
66,7.3,8.1,10.2,10.44,9.33,8.21,15.52,11.35,17.6,19.55,16.57,17.8,10.3,8.41,8.7,,,9.32,10.11,7.4,7.13,7.44,14.56,17.5,13.23,9.0,16.19,17.5,,
67,7.32,8.1,10.2,10.53,9.34,8.26,15.58,12.59,17.15,20.1,16.57,17.8,10.31,8.47,8.7,,,9.32,11.26,7.43,7.14,7.45,16.23,18.6,13.28,9.8,16.19,17.5,,
68,7.32,8.1,10.2,11.9,9.34,8.33,16.7,14.22,17.16,20.9,16.57,17.8,10.31,8.56,8.7,,,9.32,12.27,7.46,7.15,7.48,16.25,18.8,14.1,9.22,16.19,17.5,,
69,7.32,8.1,10.13,11.13,9.34,8.37,16.35,16.31,17.2,20.29,16.57,17.8,10.31,8.56,8.9,,,9.32,12.36,7.47,7.15,7.51,16.34,18.12,14.45,9.33,16.19,17.5,,
70,7.32,8.13,10.37,11.14,9.34,8.54,16.43,16.47,17.22,20.36,16.57,17.14,10.31,8.56,8.12,,,9.32,15.42,7.47,7.15,7.54,16.37,18.13,15.53,10.1,16.4,17.57,,
71,7.33,8.16,10.44,11.19,9.36,9.9,16.47,16.55,17.23,,16.57,17.15,10.33,8.56,8.16,,,9.32,16.16,7.47,7.15,8.5,16.42,18.14,16.6,10.2,16.4,18.1,,
72,7.34,8.2,10.49,11.22,9.44,9.12,16.5,16.55,17.3,,16.57,17.18,10.36,8.58,8.21,,,9.32,16.23,7.47,7.16,8.5,16.42,18.32,16.7,10.2,16.4,18.9,,
73,7.35,8.2,10.52,11.24,9.47,9.25,16.57,16.55,17.36,,16.57,17.2,10.41,8.58,8.21,,,9.34,16.31,7.48,7.16,8.5,16.42,18.41,16.11,10.56,16.4,18.45,,
74,7.35,8.2,11.11,11.31,9.51,10.37,17.0,16.55,17.39,,16.58,17.2,10.54,8.58,8.21,,,9.48,16.36,7.53,7.16,8.5,16.42,18.44,16.31,11.3,16.44,,,
75,7.35,8.2,11.59,11.34,9.53,10.38,17.2,16.55,17.44,,16.59,17.2,10.59,8.58,8.21,,,9.52,16.45,7.53,7.16,8.7,16.5,18.47,16.33,11.19,16.53,,,
76,7.35,8.2,12.2,11.53,10.2,10.44,17.3,16.55,17.44,,17.1,17.2,11.0,9.1,8.25,,,10.13,16.5,7.53,7.18,8.8,16.5,19.33,16.39,11.2,16.56,,,
77,7.35,8.2,12.19,12.3,10.3,11.12,17.13,16.55,17.44,,17.4,17.24,11.48,9.11,8.31,,,10.19,16.5,7.53,7.18,8.13,16.5,19.39,16.4,11.37,16.57,,,
78,7.35,8.2,12.22,12.5,10.1,12.9,17.14,16.55,17.44,,17.6,17.24,12.9,9.15,8.34,,,10.24,16.5,7.59,7.18,8.16,16.5,19.43,16.45,11.47,16.59,,,
79,7.35,8.2,12.3,12.19,10.26,12.17,17.16,16.55,17.46,,17.6,17.24,13.41,9.19,8.36,,,10.25,16.5,8.5,7.18,8.17,16.5,19.44,16.47,12.7,16.59,,,
80,7.35,8.2,12.43,12.2,10.29,12.33,17.17,16.59,17.51,,17.6,17.24,14.16,9.2,8.43,,,10.26,17.13,8.6,7.18,8.18,16.5,19.45,16.48,13.12,16.59,,,
81,7.35,8.28,13.19,12.24,10.34,12.53,17.19,16.59,18.2,,17.6,17.26,15.25,9.45,8.45,,,10.33,17.15,8.7,7.18,8.2,16.5,19.46,16.48,13.2,16.59,,,
82,7.36,8.28,13.35,12.27,10.44,13.41,17.25,16.59,18.4,,17.1,17.31,15.54,9.46,8.47,,,10.35,17.16,8.8,7.18,8.22,16.5,20.21,16.48,13.39,17.1,,,
83,7.37,8.28,13.39,12.52,11.7,14.1,17.25,16.59,18.7,,17.12,17.35,16.16,9.49,8.47,,,11.21,17.18,8.1,7.18,8.22,16.5,,16.48,13.43,17.4,,,
84,7.38,8.28,13.58,13.35,11.18,15.27,17.25,17.1,19.11,,17.18,17.4,16.22,9.53,8.47,,,11.3,17.19,8.12,7.18,8.22,16.56,,16.49,14.12,17.6,,,
85,7.39,8.33,14.6,14.17,11.24,15.58,17.25,17.6,,,17.21,17.51,16.3,10.1,8.47,,,11.31,17.2,8.12,7.18,8.22,17.0,,16.51,14.52,17.6,,,
86,7.4,8.36,14.7,14.37,11.54,16.19,17.28,17.21,,,17.21,17.51,16.33,10.27,8.5,,,11.33,17.24,8.12,7.18,8.23,17.1,,16.52,15.1,17.6,,,
87,7.42,8.42,14.1,15.37,12.33,16.2,17.29,17.27,,,17.21,17.51,16.42,10.34,8.55,,,11.38,17.3,8.12,7.18,8.24,17.3,,16.54,15.5,17.6,,,
88,7.42,8.49,14.1,15.52,12.36,16.21,17.33,17.35,,,17.21,17.51,17.8,10.4,8.55,,,12.42,17.31,8.16,7.18,8.28,17.13,,16.56,15.15,17.7,,,
89,7.42,8.57,14.1,15.54,12.5,16.24,17.33,17.39,,,17.21,17.55,17.1,10.4,8.55,,,12.52,17.31,8.17,7.18,8.31,17.15,,16.57,15.56,17.8,,,
90,7.42,9.6,14.1,16.3,13.8,16.26,17.33,17.53,,,17.21,18.11,17.14,10.4,8.55,,,15.1,17.31,8.18,7.18,8.33,17.16,,17.0,16.38,17.11,,,
91,7.43,9.13,14.18,16.12,13.11,16.35,17.33,17.54,,,17.21,18.13,17.18,10.4,9.14,,,15.8,17.31,8.19,7.18,8.34,17.18,,17.3,16.48,17.2,,,
92,7.44,9.22,14.22,16.23,13.16,16.36,17.39,18.3,,,17.21,18.17,17.2,11.58,9.26,,,16.1,17.39,8.22,7.2,8.37,17.22,,17.6,16.5,17.24,,,
93,7.45,9.31,14.42,16.28,13.26,16.36,17.39,18.4,,,17.21,18.18,17.21,12.1,9.32,,,16.7,17.48,8.22,7.2,8.4,17.22,,17.8,16.52,17.31,,,
94,7.46,9.42,14.42,16.29,13.47,16.36,17.39,18.4,,,17.34,18.27,17.26,12.27,9.37,,,16.16,17.49,8.22,7.2,8.44,17.22,,17.14,16.53,17.33,,,
95,7.49,9.48,14.42,16.34,15.35,16.36,17.39,18.4,,,17.39,18.27,17.3,12.47,9.4,,,16.34,17.5,8.22,7.2,8.5,17.22,,17.18,16.59,17.39,,,
96,7.5,10.11,14.42,16.35,15.41,16.39,17.4,18.4,,,17.4,18.27,17.32,12.59,9.45,,,16.37,17.51,8.24,7.21,8.52,17.31,,17.22,16.59,17.48,,,
97,7.5,10.16,14.58,16.36,15.48,16.41,17.47,18.15,,,17.42,18.27,17.37,13.12,9.48,,,16.4,17.59,8.25,7.23,8.57,17.35,,17.26,16.59,17.53,,,
98,7.5,10.39,15.7,16.38,16.12,16.43,17.51,18.26,,,17.43,18.29,17.39,13.31,9.5,,,16.43,17.59,8.28,7.23,8.59,17.38,,17.27,16.59,18.26,,,
99,7.5,10.42,15.55,16.42,16.13,16.46,17.53,18.39,,,17.47,18.3,17.4,13.47,9.55,,,16.45,17.59,8.34,7.23,9.4,17.39,,17.27,17.0,18.27,,,
100,7.5,10.44,16.4,16.42,16.2,16.52,17.55,18.51,,,17.51,18.51,17.47,14.49,10.23,,,16.47,17.59,8.37,7.23,9.6,17.4,,17.27,17.4,18.39,,,
101,7.5,10.47,16.11,16.42,16.22,16.55,17.55,18.53,,,17.51,18.57,17.48,15.41,10.33,,,16.48,18.1,8.38,7.23,9.6,17.41,,17.27,17.5,18.4,,,
102,7.5,10.5,16.23,16.42,16.3,16.55,17.55,19.19,,,17.51,19.9,18.1,16.16,10.56,,,16.49,18.2,8.4,7.23,9.6,17.43,,17.29,17.6,18.42,,,
103,7.5,11.4,16.26,16.49,16.33,16.55,17.55,19.36,,,17.51,19.9,18.12,16.2,11.3,,,16.51,18.7,8.44,7.23,9.6,17.45,,17.29,17.16,18.58,,,
104,7.5,11.12,16.27,16.52,16.43,16.55,18.2,20.37,,,17.57,19.9,18.18,16.26,11.32,,,16.53,18.8,8.48,7.23,9.6,17.48,,17.29,17.16,18.59,,,
105,7.51,11.13,16.39,16.56,16.47,16.57,18.3,,,,17.58,19.9,18.19,16.29,11.57,,,16.57,18.8,8.5,7.23,9.6,17.51,,17.29,17.16,19.6,,,
106,7.53,11.14,16.48,17.2,16.48,17.3,18.5,,,,18.0,19.21,18.22,16.3,12.7,,,16.57,18.8,8.51,7.24,9.6,17.52,,17.32,17.16,19.9,,,
107,7.53,11.15,16.55,17.3,16.49,17.7,18.11,,,,18.1,19.5,18.3,16.32,12.4,,,16.57,18.8,8.53,7.24,9.6,17.55,,17.33,17.2,19.12,,,
108,7.53,11.26,17.0,17.4,16.49,17.8,18.23,,,,18.11,,18.5,16.32,12.44,,,16.57,18.11,8.54,7.24,9.6,17.55,,17.4,17.26,19.21,,,
109,7.53,11.27,17.8,17.1,16.49,17.9,18.47,,,,18.15,,18.54,16.32,13.4,,,16.59,18.14,8.57,7.24,9.11,17.55,,17.48,17.37,19.22,,,
110,7.53,11.42,17.9,17.1,16.49,17.14,19.14,,,,18.16,,18.59,16.32,13.57,,,16.59,18.15,8.57,7.25,9.15,17.55,,17.48,17.38,19.29,,,
111,7.53,11.45,17.15,17.1,16.53,17.19,19.37,,,,18.19,,19.1,16.33,14.9,,,16.59,18.18,8.57,7.3,9.23,17.59,,17.48,17.38,19.36,,,
112,7.53,11.46,17.15,17.1,16.54,17.2,19.38,,,,18.19,,19.53,16.35,14.19,,,16.59,18.21,8.57,7.31,9.25,18.1,,17.48,17.38,20.0,,,
113,7.53,11.53,17.15,17.13,16.59,17.2,19.44,,,,18.19,,21.58,16.36,14.26,,,17.6,18.22,9.4,7.32,9.26,18.3,,17.49,17.38,,,,
114,7.53,11.54,17.15,17.15,16.59,17.2,19.49,,,,18.19,,,16.37,14.43,,,17.7,18.23,9.4,7.34,9.28,18.17,,17.51,17.56,,,,
115,7.54,11.57,17.16,17.2,16.59,17.2,19.49,,,,18.22,,,16.45,15.48,,,17.1,18.23,9.4,7.34,9.3,18.18,,17.58,18.6,,,,
116,7.56,12.0,17.2,17.23,16.59,17.27,19.49,,,,18.31,,,16.48,16.27,,,17.14,18.23,9.4,7.34,9.31,18.19,,18.1,18.7,,,,
117,7.57,12.5,17.24,17.26,17.1,17.32,19.49,,,,18.32,,,16.5,16.37,,,17.14,18.23,9.5,7.34,9.32,18.4,,18.7,18.14,,,,
118,8.0,12.13,17.27,17.27,17.4,17.35,19.51,,,,18.41,,,16.52,16.4,,,17.14,18.26,9.6,7.38,9.43,18.56,,18.8,18.33,,,,
119,8.0,12.34,17.27,17.27,17.7,17.35,,,,,18.45,,,16.54,16.41,,,17.14,18.26,9.9,7.4,9.45,18.56,,18.14,18.37,,,,
120,8.0,12.42,17.27,17.27,17.11,17.35,,,,,18.45,,,16.57,16.48,,,17.15,18.26,9.14,7.41,9.46,18.56,,18.18,18.44,,,,
121,8.0,12.53,17.27,17.27,17.17,17.35,,,,,18.45,,,16.57,16.5,,,17.16,18.26,9.15,7.42,9.56,18.56,,18.53,19.28,,,,
122,8.3,12.55,17.28,17.32,17.2,17.37,,,,,18.45,,,16.57,16.5,,,17.18,18.29,9.16,7.43,10.5,19.5,,19.0,19.36,,,,
123,8.5,13.35,17.28,17.33,17.22,17.38,,,,,18.52,,,16.57,16.5,,,17.18,18.31,9.17,7.44,10.9,19.5,,19.22,19.39,,,,
124,8.5,14.1,17.28,17.34,17.29,17.42,,,,,18.59,,,16.57,16.5,,,17.18,18.32,9.22,7.46,10.11,19.5,,,19.5,,,,
125,8.5,14.5,17.28,17.43,17.31,17.43,,,,,19.4,,,16.57,16.53,,,17.18,18.39,9.26,7.47,10.22,19.5,,,22.0,,,,
126,8.5,14.5,17.34,17.45,17.32,17.45,,,,,19.7,,,16.57,16.56,,,17.2,18.39,9.27,7.47,10.3,19.22,,,,,,,
127,8.6,14.5,17.38,17.51,17.34,17.59,,,,,19.8,,,16.57,16.58,,,17.24,18.39,9.3,7.47,10.31,19.34,,,,,,,
128,8.7,14.5,17.43,17.52,17.35,18.5,,,,,19.9,,,16.57,17.1,,,17.26,18.39,9.33,7.47,10.34,20.7,,,,,,,
129,8.8,14.55,17.45,17.54,17.36,18.8,,,,,19.18,,,17.4,17.2,,,17.29,18.39,9.34,7.48,10.49,20.25,,,,,,,
130,8.9,14.59,17.53,17.55,17.36,18.24,,,,,19.3,,,17.9,17.3,,,17.56,18.39,9.35,7.52,10.49,21.15,,,,,,,
131,8.9,15.1,17.55,18.22,17.36,18.32,,,,,19.42,,,17.9,17.6,,,17.59,18.39,9.37,7.53,10.49,22.33,,,,,,,
132,8.9,15.54,18.13,18.24,17.36,18.44,,,,,19.48,,,17.9,17.6,,,18.7,18.39,9.38,7.55,10.49,22.49,,,,,,,
133,8.9,16.2,18.24,18.35,17.37,18.49,,,,,19.51,,,17.9,17.6,,,18.37,18.39,9.39,7.59,10.53,23.16,,,,,,,
134,8.1,16.1,18.28,18.35,17.39,18.57,,,,,19.52,,,17.13,17.6,,,18.46,18.41,9.4,8.0,10.54,,,,,,,,
135,8.1,16.15,18.29,18.35,17.39,19.8,,,,,20.11,,,17.13,17.7,,,18.48,18.42,9.43,8.0,11.8,,,,,,,,
136,8.1,16.18,18.31,18.35,17.39,19.12,,,,,20.33,,,17.13,17.8,,,19.17,18.45,9.44,8.0,11.28,,,,,,,,
137,8.1,16.22,18.58,18.43,17.39,19.2,,,,,20.52,,,17.13,17.9,,,19.42,18.45,9.5,8.0,11.39,,,,,,,,
138,8.12,16.24,18.59,18.43,17.4,19.25,,,,,22.26,,,17.15,17.11,,,19.49,18.45,9.59,8.1,12.1,,,,,,,,
139,8.12,16.24,19.2,18.43,17.42,20.17,,,,,,,,17.17,17.13,,,20.3,18.45,10.3,8.3,12.32,,,,,,,,
140,8.12,16.24,,18.43,17.47,21.39,,,,,,,,17.23,17.14,,,21.9,18.49,10.13,8.3,12.34,,,,,,,,
141,8.12,16.24,,18.49,17.5,23.6,,,,,,,,17.24,17.15,,,21.11,18.57,10.13,8.3,12.49,,,,,,,,
142,8.12,16.25,,18.5,17.54,,,,,,,,,17.26,17.17,,,22.14,18.58,10.13,8.3,13.8,,,,,,,,
143,8.12,16.25,,19.0,17.57,,,,,,,,,17.26,17.19,,,,19.1,10.13,8.3,13.33,,,,,,,,
144,8.12,16.25,,19.12,18.2,,,,,,,,,17.26,17.2,,,,19.2,10.16,8.3,13.45,,,,,,,,
145,8.12,16.25,,19.17,18.4,,,,,,,,,17.26,17.26,,,,19.4,10.19,8.3,13.52,,,,,,,,
146,8.12,16.27,,19.4,18.5,,,,,,,,,17.31,17.26,,,,19.4,10.21,8.3,14.5,,,,,,,,
147,8.14,16.28,,,18.5,,,,,,,,,17.34,17.26,,,,19.4,10.26,8.3,16.3,,,,,,,,
148,8.15,16.3,,,18.5,,,,,,,,,17.35,17.26,,,,19.4,10.27,8.7,16.3,,,,,,,,
149,8.16,16.31,,,18.5,,,,,,,,,17.54,17.31,,,,19.5,10.28,8.7,16.3,,,,,,,,
150,8.17,16.31,,,18.14,,,,,,,,,17.56,17.31,,,,19.17,10.32,8.7,16.3,,,,,,,,
151,8.19,16.31,,,18.2,,,,,,,,,18.0,17.31,,,,19.19,10.34,8.7,16.21,,,,,,,,
152,8.2,16.31,,,18.26,,,,,,,,,18.3,17.31,,,,19.24,10.36,8.8,16.22,,,,,,,,
153,8.22,16.33,,,18.3,,,,,,,,,18.3,17.32,,,,19.26,10.39,8.9,16.23,,,,,,,,
154,8.23,16.33,,,18.43,,,,,,,,,18.3,17.33,,,,19.39,10.43,8.1,16.27,,,,,,,,
155,8.24,16.33,,,18.46,,,,,,,,,18.3,17.35,,,,19.4,10.48,8.1,16.29,,,,,,,,
156,8.26,16.33,,,18.5,,,,,,,,,18.5,17.36,,,,21.32,10.49,8.1,16.31,,,,,,,,
157,8.27,16.33,,,19.1,,,,,,,,,18.8,17.4,,,,21.57,10.52,8.1,16.42,,,,,,,,
158,8.28,16.33,,,19.38,,,,,,,,,18.9,18.6,,,,22.12,11.4,8.17,16.43,,,,,,,,
159,8.29,16.33,,,19.48,,,,,,,,,18.1,19.22,,,,22.44,11.5,8.18,16.47,,,,,,,,
160,8.3,16.33,,,21.5,,,,,,,,,18.1,,,,,,11.5,8.19,16.48,,,,,,,,
161,8.32,16.33,,,,,,,,,,,,18.1,,,,,,11.5,8.19,16.55,,,,,,,,
162,8.33,16.34,,,,,,,,,,,,18.1,,,,,,11.5,8.19,16.58,,,,,,,,
163,8.35,16.36,,,,,,,,,,,,18.13,,,,,,11.7,8.19,17.2,,,,,,,,
164,8.41,16.36,,,,,,,,,,,,18.14,,,,,,11.25,8.21,17.3,,,,,,,,
165,8.43,16.36,,,,,,,,,,,,18.15,,,,,,11.32,8.21,17.1,,,,,,,,
166,8.46,16.36,,,,,,,,,,,,18.18,,,,,,11.4,8.21,17.12,,,,,,,,
167,8.47,16.36,,,,,,,,,,,,18.28,,,,,,11.41,8.21,17.15,,,,,,,,
168,8.47,16.36,,,,,,,,,,,,18.31,,,,,,11.44,8.22,17.18,,,,,,,,
169,8.47,16.36,,,,,,,,,,,,18.32,,,,,,11.46,8.22,17.19,,,,,,,,
170,8.47,16.36,,,,,,,,,,,,18.37,,,,,,11.48,8.22,17.2,,,,,,,,
171,8.51,16.36,,,,,,,,,,,,18.37,,,,,,11.51,8.22,17.21,,,,,,,,
172,8.51,16.37,,,,,,,,,,,,18.37,,,,,,11.57,8.26,17.23,,,,,,,,
173,8.51,16.38,,,,,,,,,,,,18.37,,,,,,11.58,8.27,17.23,,,,,,,,
174,8.51,16.39,,,,,,,,,,,,18.4,,,,,,12.0,8.27,17.23,,,,,,,,
175,8.53,16.41,,,,,,,,,,,,18.42,,,,,,12.1,8.27,17.23,,,,,,,,
176,8.53,16.41,,,,,,,,,,,,18.47,,,,,,12.7,8.27,17.46,,,,,,,,
177,8.53,16.41,,,,,,,,,,,,18.48,,,,,,12.12,8.3,17.46,,,,,,,,
178,8.53,16.41,,,,,,,,,,,,18.52,,,,,,12.14,8.32,17.46,,,,,,,,
179,8.58,16.41,,,,,,,,,,,,18.55,,,,,,12.29,8.34,17.46,,,,,,,,
180,9.1,16.41,,,,,,,,,,,,19.1,,,,,,12.32,8.36,17.46,,,,,,,,
181,9.5,16.41,,,,,,,,,,,,19.6,,,,,,12.35,8.36,17.46,,,,,,,,
182,9.6,16.41,,,,,,,,,,,,19.7,,,,,,12.43,8.36,17.46,,,,,,,,
183,9.6,16.41,,,,,,,,,,,,19.16,,,,,,12.52,8.36,17.46,,,,,,,,
184,9.6,16.42,,,,,,,,,,,,19.49,,,,,,12.57,8.37,17.46,,,,,,,,
185,9.6,16.43,,,,,,,,,,,,20.31,,,,,,13.4,8.39,17.59,,,,,,,,
186,9.1,16.43,,,,,,,,,,,,21.4,,,,,,13.9,8.4,18.3,,,,,,,,
187,9.16,16.43,,,,,,,,,,,,21.35,,,,,,13.1,8.44,18.12,,,,,,,,
188,9.16,16.43,,,,,,,,,,,,,,,,,,13.17,8.46,18.12,,,,,,,,
189,9.16,16.44,,,,,,,,,,,,,,,,,,13.36,8.52,18.12,,,,,,,,
190,9.16,16.46,,,,,,,,,,,,,,,,,,13.4,8.54,18.12,,,,,,,,
191,9.25,16.47,,,,,,,,,,,,,,,,,,13.5,8.58,18.16,,,,,,,,
192,9.26,16.48,,,,,,,,,,,,,,,,,,13.57,8.59,18.18,,,,,,,,
193,9.28,16.5,,,,,,,,,,,,,,,,,,14.19,9.1,18.19,,,,,,,,
194,9.29,16.51,,,,,,,,,,,,,,,,,,14.42,9.2,18.2,,,,,,,,
195,9.29,16.51,,,,,,,,,,,,,,,,,,14.45,9.2,18.26,,,,,,,,
196,9.29,16.51,,,,,,,,,,,,,,,,,,15.19,9.2,18.29,,,,,,,,
197,9.29,16.51,,,,,,,,,,,,,,,,,,15.2,9.2,18.32,,,,,,,,
198,9.3,16.51,,,,,,,,,,,,,,,,,,15.26,9.3,18.35,,,,,,,,
199,9.36,16.51,,,,,,,,,,,,,,,,,,15.52,9.7,18.42,,,,,,,,
200,9.38,16.51,,,,,,,,,,,,,,,,,,16.9,9.12,18.49,,,,,,,,
201,9.52,16.51,,,,,,,,,,,,,,,,,,16.22,9.12,18.56,,,,,,,,
202,9.52,16.51,,,,,,,,,,,,,,,,,,16.26,9.12,19.1,,,,,,,,
203,9.52,16.54,,,,,,,,,,,,,,,,,,16.27,9.12,19.3,,,,,,,,
204,9.52,16.54,,,,,,,,,,,,,,,,,,16.33,9.15,19.5,,,,,,,,
205,9.55,16.54,,,,,,,,,,,,,,,,,,16.33,9.16,19.8,,,,,,,,
206,10.0,16.54,,,,,,,,,,,,,,,,,,16.33,9.18,19.11,,,,,,,,
207,10.4,16.56,,,,,,,,,,,,,,,,,,16.33,9.2,19.41,,,,,,,,
208,10.11,16.58,,,,,,,,,,,,,,,,,,16.36,9.24,19.46,,,,,,,,
209,10.15,16.59,,,,,,,,,,,,,,,,,,16.36,9.25,19.49,,,,,,,,
210,10.24,16.59,,,,,,,,,,,,,,,,,,16.36,9.27,20.17,,,,,,,,
211,10.25,16.59,,,,,,,,,,,,,,,,,,16.36,9.3,20.26,,,,,,,,
212,10.27,16.59,,,,,,,,,,,,,,,,,,16.38,9.31,,,,,,,,,
213,10.28,17.1,,,,,,,,,,,,,,,,,,16.44,9.33,,,,,,,,,
214,10.42,17.3,,,,,,,,,,,,,,,,,,16.47,9.36,,,,,,,,,
215,10.44,17.3,,,,,,,,,,,,,,,,,,16.53,9.38,,,,,,,,,
216,10.55,17.3,,,,,,,,,,,,,,,,,,17.2,9.39,,,,,,,,,
217,11.13,17.3,,,,,,,,,,,,,,,,,,17.3,9.42,,,,,,,,,
218,11.26,17.5,,,,,,,,,,,,,,,,,,17.3,9.43,,,,,,,,,
219,11.41,17.7,,,,,,,,,,,,,,,,,,17.3,9.45,,,,,,,,,
220,12.3,17.9,,,,,,,,,,,,,,,,,,17.3,9.5,,,,,,,,,
221,12.5,17.9,,,,,,,,,,,,,,,,,,17.5,9.5,,,,,,,,,
222,12.42,17.9,,,,,,,,,,,,,,,,,,17.5,9.5,,,,,,,,,
223,12.44,17.9,,,,,,,,,,,,,,,,,,17.5,9.5,,,,,,,,,
224,13.1,17.11,,,,,,,,,,,,,,,,,,17.5,9.56,,,,,,,,,
225,13.17,17.12,,,,,,,,,,,,,,,,,,17.6,10.1,,,,,,,,,
226,14.35,17.13,,,,,,,,,,,,,,,,,,17.7,10.4,,,,,,,,,
227,14.35,17.13,,,,,,,,,,,,,,,,,,17.16,10.1,,,,,,,,,
228,14.35,17.13,,,,,,,,,,,,,,,,,,17.17,10.11,,,,,,,,,
229,14.35,17.13,,,,,,,,,,,,,,,,,,17.19,10.13,,,,,,,,,
230,14.49,17.15,,,,,,,,,,,,,,,,,,17.19,10.13,,,,,,,,,
231,15.7,17.15,,,,,,,,,,,,,,,,,,17.19,10.13,,,,,,,,,
232,15.26,17.15,,,,,,,,,,,,,,,,,,17.19,10.13,,,,,,,,,
233,15.53,17.15,,,,,,,,,,,,,,,,,,17.22,10.18,,,,,,,,,
234,15.58,17.18,,,,,,,,,,,,,,,,,,17.22,10.18,,,,,,,,,
235,16.6,17.18,,,,,,,,,,,,,,,,,,17.22,10.18,,,,,,,,,
236,16.9,17.18,,,,,,,,,,,,,,,,,,17.22,10.18,,,,,,,,,
237,16.12,17.18,,,,,,,,,,,,,,,,,,17.24,10.26,,,,,,,,,
238,16.13,17.2,,,,,,,,,,,,,,,,,,17.33,10.27,,,,,,,,,
239,16.14,17.21,,,,,,,,,,,,,,,,,,17.34,10.29,,,,,,,,,
240,16.2,17.22,,,,,,,,,,,,,,,,,,17.34,10.29,,,,,,,,,
241,16.26,17.24,,,,,,,,,,,,,,,,,,17.34,10.29,,,,,,,,,
242,16.26,17.24,,,,,,,,,,,,,,,,,,17.34,10.29,,,,,,,,,
243,16.26,17.24,,,,,,,,,,,,,,,,,,17.37,10.3,,,,,,,,,
244,16.26,17.24,,,,,,,,,,,,,,,,,,17.42,10.39,,,,,,,,,
245,16.27,17.26,,,,,,,,,,,,,,,,,,17.43,10.45,,,,,,,,,
246,16.32,17.26,,,,,,,,,,,,,,,,,,17.45,10.46,,,,,,,,,
247,16.36,17.26,,,,,,,,,,,,,,,,,,17.45,10.48,,,,,,,,,
248,16.42,17.26,,,,,,,,,,,,,,,,,,17.45,10.49,,,,,,,,,
249,16.45,17.27,,,,,,,,,,,,,,,,,,17.45,10.55,,,,,,,,,
250,16.51,17.27,,,,,,,,,,,,,,,,,,17.46,10.56,,,,,,,,,
251,16.52,17.27,,,,,,,,,,,,,,,,,,17.47,11.9,,,,,,,,,
252,16.54,17.27,,,,,,,,,,,,,,,,,,17.49,11.27,,,,,,,,,
253,16.58,17.28,,,,,,,,,,,,,,,,,,17.51,11.32,,,,,,,,,
254,17.11,17.29,,,,,,,,,,,,,,,,,,17.58,11.39,,,,,,,,,
255,17.22,17.3,,,,,,,,,,,,,,,,,,17.58,11.4,,,,,,,,,
256,17.23,17.31,,,,,,,,,,,,,,,,,,17.58,11.44,,,,,,,,,
257,17.25,17.31,,,,,,,,,,,,,,,,,,17.58,11.57,,,,,,,,,
258,17.29,17.31,,,,,,,,,,,,,,,,,,18.0,12.7,,,,,,,,,
259,17.3,17.31,,,,,,,,,,,,,,,,,,18.3,12.7,,,,,,,,,
260,17.32,17.34,,,,,,,,,,,,,,,,,,18.3,12.7,,,,,,,,,
261,17.37,17.34,,,,,,,,,,,,,,,,,,18.3,12.7,,,,,,,,,
262,17.37,17.34,,,,,,,,,,,,,,,,,,18.3,12.13,,,,,,,,,
263,17.37,17.34,,,,,,,,,,,,,,,,,,18.1,12.25,,,,,,,,,
264,17.37,17.36,,,,,,,,,,,,,,,,,,18.15,13.1,,,,,,,,,
265,17.39,17.37,,,,,,,,,,,,,,,,,,18.18,13.11,,,,,,,,,
266,17.42,17.38,,,,,,,,,,,,,,,,,,18.2,13.19,,,,,,,,,
267,17.43,17.39,,,,,,,,,,,,,,,,,,18.28,13.22,,,,,,,,,
268,17.44,17.39,,,,,,,,,,,,,,,,,,18.3,13.27,,,,,,,,,
269,17.46,17.39,,,,,,,,,,,,,,,,,,18.36,13.29,,,,,,,,,
270,17.47,17.39,,,,,,,,,,,,,,,,,,18.54,13.29,,,,,,,,,
271,17.48,17.4,,,,,,,,,,,,,,,,,,18.56,13.29,,,,,,,,,
272,17.49,17.41,,,,,,,,,,,,,,,,,,19.1,13.29,,,,,,,,,
273,17.5,17.41,,,,,,,,,,,,,,,,,,19.2,13.5,,,,,,,,,
274,17.52,17.41,,,,,,,,,,,,,,,,,,19.4,14.3,,,,,,,,,
275,17.53,17.41,,,,,,,,,,,,,,,,,,19.6,14.56,,,,,,,,,
276,17.54,17.42,,,,,,,,,,,,,,,,,,19.7,15.5,,,,,,,,,
277,18.3,17.45,,,,,,,,,,,,,,,,,,19.8,15.12,,,,,,,,,
278,18.5,17.45,,,,,,,,,,,,,,,,,,19.49,15.13,,,,,,,,,
279,18.11,17.45,,,,,,,,,,,,,,,,,,20.12,15.44,,,,,,,,,
280,18.12,17.45,,,,,,,,,,,,,,,,,,20.39,16.25,,,,,,,,,
281,18.14,17.46,,,,,,,,,,,,,,,,,,20.42,16.27,,,,,,,,,
282,18.14,17.46,,,,,,,,,,,,,,,,,,20.55,16.31,,,,,,,,,
283,18.14,17.46,,,,,,,,,,,,,,,,,,21.9,16.35,,,,,,,,,
284,18.14,17.46,,,,,,,,,,,,,,,,,,,16.38,,,,,,,,,
285,18.15,17.47,,,,,,,,,,,,,,,,,,,16.41,,,,,,,,,
286,18.2,17.48,,,,,,,,,,,,,,,,,,,16.44,,,,,,,,,
287,18.23,17.48,,,,,,,,,,,,,,,,,,,16.45,,,,,,,,,
288,18.25,17.48,,,,,,,,,,,,,,,,,,,16.46,,,,,,,,,
289,18.3,17.48,,,,,,,,,,,,,,,,,,,16.47,,,,,,,,,
290,18.34,17.49,,,,,,,,,,,,,,,,,,,16.49,,,,,,,,,
291,18.39,17.51,,,,,,,,,,,,,,,,,,,16.51,,,,,,,,,
292,18.41,17.53,,,,,,,,,,,,,,,,,,,16.52,,,,,,,,,
293,18.46,17.53,,,,,,,,,,,,,,,,,,,16.54,,,,,,,,,
294,18.46,17.53,,,,,,,,,,,,,,,,,,,16.55,,,,,,,,,
295,18.46,17.53,,,,,,,,,,,,,,,,,,,16.59,,,,,,,,,
296,18.46,17.54,,,,,,,,,,,,,,,,,,,17.6,,,,,,,,,
297,18.48,17.56,,,,,,,,,,,,,,,,,,,17.7,,,,,,,,,
298,18.54,18.0,,,,,,,,,,,,,,,,,,,17.8,,,,,,,,,
299,18.54,18.3,,,,,,,,,,,,,,,,,,,17.1,,,,,,,,,
300,18.54,18.4,,,,,,,,,,,,,,,,,,,17.2,,,,,,,,,
301,18.54,18.4,,,,,,,,,,,,,,,,,,,17.24,,,,,,,,,
302,18.57,18.4,,,,,,,,,,,,,,,,,,,17.25,,,,,,,,,
303,19.3,18.4,,,,,,,,,,,,,,,,,,,17.25,,,,,,,,,
304,19.7,18.7,,,,,,,,,,,,,,,,,,,17.25,,,,,,,,,
305,19.9,18.7,,,,,,,,,,,,,,,,,,,17.25,,,,,,,,,
306,19.13,18.7,,,,,,,,,,,,,,,,,,,17.27,,,,,,,,,
307,19.17,18.7,,,,,,,,,,,,,,,,,,,17.33,,,,,,,,,
308,19.32,18.8,,,,,,,,,,,,,,,,,,,17.36,,,,,,,,,
309,20.24,18.9,,,,,,,,,,,,,,,,,,,17.36,,,,,,,,,
310,21.4,18.1,,,,,,,,,,,,,,,,,,,17.36,,,,,,,,,
311,21.23,18.1,,,,,,,,,,,,,,,,,,,17.36,,,,,,,,,
312,,18.1,,,,,,,,,,,,,,,,,,,17.38,,,,,,,,,
313,,18.1,,,,,,,,,,,,,,,,,,,17.39,,,,,,,,,
314,,18.11,,,,,,,,,,,,,,,,,,,17.41,,,,,,,,,
315,,18.13,,,,,,,,,,,,,,,,,,,17.45,,,,,,,,,
316,,18.13,,,,,,,,,,,,,,,,,,,17.45,,,,,,,,,
317,,18.13,,,,,,,,,,,,,,,,,,,17.45,,,,,,,,,
318,,18.13,,,,,,,,,,,,,,,,,,,17.45,,,,,,,,,
319,,18.18,,,,,,,,,,,,,,,,,,,17.48,,,,,,,,,
320,,18.19,,,,,,,,,,,,,,,,,,,17.5,,,,,,,,,
321,,18.2,,,,,,,,,,,,,,,,,,,18.8,,,,,,,,,
322,,18.21,,,,,,,,,,,,,,,,,,,18.9,,,,,,,,,
323,,18.23,,,,,,,,,,,,,,,,,,,18.14,,,,,,,,,
324,,18.25,,,,,,,,,,,,,,,,,,,18.15,,,,,,,,,
325,,18.27,,,,,,,,,,,,,,,,,,,18.18,,,,,,,,,
326,,18.27,,,,,,,,,,,,,,,,,,,18.19,,,,,,,,,
327,,18.27,,,,,,,,,,,,,,,,,,,18.21,,,,,,,,,
328,,18.27,,,,,,,,,,,,,,,,,,,18.32,,,,,,,,,
329,,18.31,,,,,,,,,,,,,,,,,,,18.35,,,,,,,,,
330,,18.35,,,,,,,,,,,,,,,,,,,18.44,,,,,,,,,
331,,18.37,,,,,,,,,,,,,,,,,,,18.44,,,,,,,,,
332,,18.39,,,,,,,,,,,,,,,,,,,18.44,,,,,,,,,
333,,18.4,,,,,,,,,,,,,,,,,,,18.44,,,,,,,,,
334,,18.41,,,,,,,,,,,,,,,,,,,18.47,,,,,,,,,
335,,18.42,,,,,,,,,,,,,,,,,,,18.5,,,,,,,,,
336,,18.45,,,,,,,,,,,,,,,,,,,18.51,,,,,,,,,
337,,18.45,,,,,,,,,,,,,,,,,,,18.52,,,,,,,,,
338,,18.45,,,,,,,,,,,,,,,,,,,19.0,,,,,,,,,
339,,18.45,,,,,,,,,,,,,,,,,,,19.3,,,,,,,,,
340,,18.47,,,,,,,,,,,,,,,,,,,19.29,,,,,,,,,
341,,18.47,,,,,,,,,,,,,,,,,,,19.41,,,,,,,,,
342,,18.47,,,,,,,,,,,,,,,,,,,20.13,,,,,,,,,
343,,18.47,,,,,,,,,,,,,,,,,,,20.15,,,,,,,,,
344,,18.48,,,,,,,,,,,,,,,,,,,20.16,,,,,,,,,
345,,18.51,,,,,,,,,,,,,,,,,,,20.36,,,,,,,,,
346,,18.53,,,,,,,,,,,,,,,,,,,21.6,,,,,,,,,
347,,18.54,,,,,,,,,,,,,,,,,,,21.52,,,,,,,,,
348,,18.55,,,,,,,,,,,,,,,,,,,22.11,,,,,,,,,
349,,18.56,,,,,,,,,,,,,,,,,,,,,,,,,,,,
350,,18.58,,,,,,,,,,,,,,,,,,,,,,,,,,,,
351,,19.1,,,,,,,,,,,,,,,,,,,,,,,,,,,,
352,,19.3,,,,,,,,,,,,,,,,,,,,,,,,,,,,
353,,19.5,,,,,,,,,,,,,,,,,,,,,,,,,,,,
354,,19.7,,,,,,,,,,,,,,,,,,,,,,,,,,,,
355,,19.1,,,,,,,,,,,,,,,,,,,,,,,,,,,,
356,,19.1,,,,,,,,,,,,,,,,,,,,,,,,,,,,
357,,19.1,,,,,,,,,,,,,,,,,,,,,,,,,,,,
358,,19.1,,,,,,,,,,,,,,,,,,,,,,,,,,,,
359,,19.13,,,,,,,,,,,,,,,,,,,,,,,,,,,,
360,,19.17,,,,,,,,,,,,,,,,,,,,,,,,,,,,
361,,19.2,,,,,,,,,,,,,,,,,,,,,,,,,,,,
362,,19.21,,,,,,,,,,,,,,,,,,,,,,,,,,,,
363,,19.24,,,,,,,,,,,,,,,,,,,,,,,,,,,,
364,,19.25,,,,,,,,,,,,,,,,,,,,,,,,,,,,
365,,19.27,,,,,,,,,,,,,,,,,,,,,,,,,,,,
366,,19.27,,,,,,,,,,,,,,,,,,,,,,,,,,,,
367,,19.27,,,,,,,,,,,,,,,,,,,,,,,,,,,,
368,,19.27,,,,,,,,,,,,,,,,,,,,,,,,,,,,
369,,19.27,,,,,,,,,,,,,,,,,,,,,,,,,,,,
370,,19.27,,,,,,,,,,,,,,,,,,,,,,,,,,,,
371,,19.27,,,,,,,,,,,,,,,,,,,,,,,,,,,,
372,,19.27,,,,,,,,,,,,,,,,,,,,,,,,,,,,
373,,19.27,,,,,,,,,,,,,,,,,,,,,,,,,,,,
374,,19.29,,,,,,,,,,,,,,,,,,,,,,,,,,,,
375,,19.3,,,,,,,,,,,,,,,,,,,,,,,,,,,,
376,,19.31,,,,,,,,,,,,,,,,,,,,,,,,,,,,
377,,19.33,,,,,,,,,,,,,,,,,,,,,,,,,,,,
378,,19.34,,,,,,,,,,,,,,,,,,,,,,,,,,,,
379,,19.36,,,,,,,,,,,,,,,,,,,,,,,,,,,,
380,,19.37,,,,,,,,,,,,,,,,,,,,,,,,,,,,
381,,19.39,,,,,,,,,,,,,,,,,,,,,,,,,,,,
382,,19.4,,,,,,,,,,,,,,,,,,,,,,,,,,,,
383,,19.42,,,,,,,,,,,,,,,,,,,,,,,,,,,,
384,,19.43,,,,,,,,,,,,,,,,,,,,,,,,,,,,
385,,19.47,,,,,,,,,,,,,,,,,,,,,,,,,,,,
386,,19.48,,,,,,,,,,,,,,,,,,,,,,,,,,,,
387,,19.48,,,,,,,,,,,,,,,,,,,,,,,,,,,,
388,,19.48,,,,,,,,,,,,,,,,,,,,,,,,,,,,
389,,19.48,,,,,,,,,,,,,,,,,,,,,,,,,,,,
390,,19.48,,,,,,,,,,,,,,,,,,,,,,,,,,,,
391,,19.48,,,,,,,,,,,,,,,,,,,,,,,,,,,,
392,,19.48,,,,,,,,,,,,,,,,,,,,,,,,,,,,
393,,19.48,,,,,,,,,,,,,,,,,,,,,,,,,,,,
394,,19.48,,,,,,,,,,,,,,,,,,,,,,,,,,,,
395,,19.52,,,,,,,,,,,,,,,,,,,,,,,,,,,,
396,,19.53,,,,,,,,,,,,,,,,,,,,,,,,,,,,
397,,20.1,,,,,,,,,,,,,,,,,,,,,,,,,,,,
398,,20.5,,,,,,,,,,,,,,,,,,,,,,,,,,,,
399,,20.5,,,,,,,,,,,,,,,,,,,,,,,,,,,,
400,,20.5,,,,,,,,,,,,,,,,,,,,,,,,,,,,
401,,20.5,,,,,,,,,,,,,,,,,,,,,,,,,,,,
402,,20.6,,,,,,,,,,,,,,,,,,,,,,,,,,,,
403,,20.7,,,,,,,,,,,,,,,,,,,,,,,,,,,,
404,,20.8,,,,,,,,,,,,,,,,,,,,,,,,,,,,
405,,20.15,,,,,,,,,,,,,,,,,,,,,,,,,,,,
406,,20.22,,,,,,,,,,,,,,,,,,,,,,,,,,,,
407,,20.26,,,,,,,,,,,,,,,,,,,,,,,,,,,,
408,,20.41,,,,,,,,,,,,,,,,,,,,,,,,,,,,
409,,20.42,,,,,,,,,,,,,,,,,,,,,,,,,,,,
410,,20.53,,,,,,,,,,,,,,,,,,,,,,,,,,,,
411,,22.12,,,,,,,,,,,,,,,,,,,,,,,,,,,,
